VIEW,LABEL,CURRENT_VALUE,SOURCE,UNIT,NUMERATOR,DENOMINATOR,TIME_SCOPE,MARKETPLACE_SCOPE,MEANING,COMPARABLE_WITH,DECISION_USE,INFORMATION_LAYER,AMBIGUOUS,MISLEADING,SECURITY_RISK,RECOMMENDED_SEMANTIC_LABEL,EVIDENCE
Producción (Legacy VA),Marketplaces,4,audits.marketplace,Canales,COUNT(DISTINCT marketplace),N/A,Latest snapshot,Global,Canales auditados con al menos un registro en audits.,MRI Summary Marketplaces (4),Control de alcance global.,EXECUTIVE,NO,NO,NO,Marketplaces Auditados,audits GROUP BY marketplace
Producción (Legacy VA),Categorías,44,audits.category,Categorías,COUNT(DISTINCT category),N/A,Latest snapshot,Global,Total de categorías configuradas en SVMP.xlsx auditadas.,MRI Categories (68 tax nodes),Control de amplitud del catálogo evaluado.,EXECUTIVE,NO,NO,NO,Categorías Auditadas,audits GROUP BY category
Producción (Legacy VA),Auditorías,44,audits.id,Registros,COUNT(*),N/A,Latest snapshot,Global,Total de ejecuciones de auditoría guardadas.,N/A,Control técnico de ejecución.,TECHNICAL_OPERATION,NO,NO,NO,Ejecuciones Registradas,audits count
Producción (Legacy VA),Avg Visib. TOP30,18.4%,audits.pct_30,Porcentaje,SUM(pct_30),COUNT(categories),Latest snapshot,Global,Promedio simple no ponderado de los porcentajes pct_30 por categoría.,MRI Weighted Category Visibility,Medir visibilidad global promedio.,EXECUTIVE,YES (Promedio aritmético simple; una categoría de 2 items pesa igual que una de 150),YES,NO,Promedio Visibilidad TOP30 (Ponderado por Catálogo),audits AVG(pct_30)
Producción (Legacy VA),Críticas,28,audits.presence_level,Categorías,COUNT(presence_level='CRITICA'),N/A,Latest snapshot,Global,Categorías con visibilidad TOP30 por debajo de umbral.,N/A,Priorizar categorías con baja visibilidad.,EXECUTIVE,YES (La palabra 'Crítica' se interpreta como producto despublicado),YES,NO,Categorías con Visibilidad Baja (<10% TOP30),audits presence_level
Producción (Legacy VA),Total Canal,Ej: 4.611,audits.total_marketplace,Productos,Conteo total de la grilla del canal,N/A,Audit timestamp,Categoría,Volumen total de productos de todas las marcas en la categoría.,N/A,Conocer tamaño del anaquel del competidor.,ANALYTICAL,NO,NO,NO,Total Productos Categoría (Todas las Marcas),get_total_count(cat_visibility_url)
Producción (Legacy VA),Total Nico,Ej: 152,audits.total_nicopoly,Publicaciones,Conteo de búsqueda con filtro de marca,N/A,Audit timestamp,Categoría,Conteo de productos de Nicopoly detectados por el filtro del marketplace en la categoría.,MRI Materialized Publications per Category,Conocer el catálogo detectado por el buscador en esa categoría.,EXECUTIVE,NO,NO,NO,Publicaciones Detectadas en Categoría,get_total_count(cat_census_url)
Producción (Legacy VA),%TOP30,Ej: 0.66%,audits.pct_30,Porcentaje,top_30,"max(total_nicopoly, top_30)",Audit timestamp,Categoría,% del catálogo de Nicopoly en esa categoría que alcanza las primeras 30 posiciones.,MRI Top30 / Publications Observed,Efectividad de posicionamiento en primera página.,EXECUTIVE,NO (Fórmula clara: top30 / total_nico),NO,NO,% Catálogo en TOP 30,VisibilityEngine.calculate_percentages
Producción (Legacy VA),Control de Sesiones (Textareas),Cookies crudas JSON,api.py:inspect_session / static JSON files,Array JSON,N/A,N/A,Live disk file,Ripley / ML,Cookies de sesión con tokens de evasión de Cloudflare y ML.,N/A,Operación de soporte técnico para evasión.,TECHNICAL_OPERATION,NO,NO,YES (Exposed raw cookies in UI before fix),Estado de Sesión de Fuente (Solo Indicador Seguro),api.py / dashboard.js
MRI V2 (Shadow / Read-Only),Publicaciones Reales Materializadas,"Paris: 561, Ripley: 52, Falabella: 858, ML: 572",mri_publications,Publicaciones,COUNT(*) in mri_publications,N/A,Current SQLite state,Por marketplace,Publicaciones únicas con identidad comprobada materializadas en base de datos.,Legacy Total Nico (con salvedad de deduplicación),Catálogo real físico en canal.,EXECUTIVE,NO,NO,NO,Catálogo Publicado y Verificado (SKUs Únicos),mri_publications table
MRI V2 (Shadow / Read-Only),Censo de Investigación,"Paris: 486, Ripley: 382, Falabella: 192, ML: 430",Census reconciliation artifacts (2026-09-21),Registros,Sum of discovered rows,N/A,Histórico (2026-09-21),Por marketplace,Registros exploratorios previos a la materialización estricta.,N/A,Línea base histórica.,TECHNICAL_OPERATION,YES (Puede confundirse con inventario actual),YES,NO,Censo Histórico de Referencia (2026-09-21),commercial_reconciliation/v001
MRI V2 (Shadow / Read-Only),Clasificado Como (Taxonomía),COMMERCIAL_CATEGORY / LEGACY_CONFIGURED_CATEGORY,mri_publications.category_relationship,Enum,category_relationship,N/A,Observation timestamp,Publicación,Tipo de procedencia del mapeo taxonómico.,N/A,Auditoría interna de mapeo.,TECHNICAL_OPERATION,YES (La etiqueta de columna sugiere nombre de categoría),YES,NO,Tipo de Procedencia Taxonómica,mri_publications.category_relationship
MRI V2 (Shadow / Read-Only),Observado En (Canal/Browse),"Ej: Vestidos, Pantalones, Brand Hub",mri_categories.category_name via mri_publication_categories,Texto,category_name,N/A,Observation timestamp,Publicación,Nodo o categoría del marketplace donde el producto fue detectado físicamente.,Legacy category,Validar si está en la categoría correcta o fuera de ella.,ANALYTICAL,NO,NO,NO,Categoría Comercial Observada,mri_categories.category_name
MRI V2 (Shadow / Read-Only),TopN (Tabla Publicaciones),N/A,mri_read_model.py hardcoded,Texto,N/A,N/A,Current view,Publicación,Campo stub sin materializar.,N/A,Ninguno.,TECHNICAL_OPERATION,YES,YES,NO,Nivel TopN (Derivado de Posición),mri_read_model.py:317
