publication_id,marketplace,title,canonical_product_type,expected_categories,commercial_observed_categories,alignment_reason
pub_falabella_058c578e3b43,Falabella,Jeans Rectos Tiro Alto Óxido Mujer,Jeans,Jeans,Pantalones,MISALIGNED: observed in ['Pantalones'] but expected category ['Jeans'] was audited and product was absent from it
pub_falabella_05ff2c1ee8be,Falabella,Jeans Rectos Tiro Alto Óxido Mujer,Jeans,Jeans,Pantalones,MISALIGNED: observed in ['Pantalones'] but expected category ['Jeans'] was audited and product was absent from it
pub_falabella_0732e7de5b59,Falabella,Blazer Cruzado Rayas Diplomáticas Café Mujer,Blazer,Blazers,Abrigos y Chaquetas,MISALIGNED: observed in ['Abrigos y Chaquetas'] but expected category ['Blazers'] was audited and product was absent from it
pub_falabella_1049aecb9c3e,Falabella,Blazer Rayas Diplomáticas Café Mujer,Blazer,Blazers,Abrigos y Chaquetas,MISALIGNED: observed in ['Abrigos y Chaquetas'] but expected category ['Blazers'] was audited and product was absent from it
pub_falabella_11ccad2e5656,Falabella,Jeans Barrel Celeste Mujer,Jeans,Jeans,Pantalones,MISALIGNED: observed in ['Pantalones'] but expected category ['Jeans'] was audited and product was absent from it
pub_falabella_175d45caf3f3,Falabella,Blazer Cruzado Rayas Diplomáticas Azul Marino Mujer,Blazer,Blazers,Abrigos y Chaquetas,MISALIGNED: observed in ['Abrigos y Chaquetas'] but expected category ['Blazers'] was audited and product was absent from it
pub_falabella_1ab5ee35efa5,Falabella,Trench Clásico Doble Botonadura Café Mujer,Trench,Abrigos y Chaquetas,Trench,MISALIGNED: observed in ['Trench'] but expected category ['Abrigos y Chaquetas'] was audited and product was absent from it
pub_falabella_2324dd09d33c,Falabella,Jeans Rectos Tiro Alto Café Mujer,Jeans,Jeans,Pantalones,MISALIGNED: observed in ['Pantalones'] but expected category ['Jeans'] was audited and product was absent from it
pub_falabella_23a9ce13d542,Falabella,Blazer Básico Sastrero Blanco Mujer,Blazer,Blazers,Abrigos y Chaquetas,MISALIGNED: observed in ['Abrigos y Chaquetas'] but expected category ['Blazers'] was audited and product was absent from it
pub_falabella_2418c8cb6dd2,Falabella,Blazer Cinturón Blanco Mujer,Blazer,Blazers,Abrigos y Chaquetas,MISALIGNED: observed in ['Abrigos y Chaquetas'] but expected category ['Blazers'] was audited and product was absent from it
pub_falabella_26a6567a297b,Falabella,Blazer Dos Botones Café Mujer,Blazer,Blazers,Abrigos y Chaquetas,MISALIGNED: observed in ['Abrigos y Chaquetas'] but expected category ['Blazers'] was audited and product was absent from it
pub_falabella_29fed701bc11,Falabella,Blazer Cinturón Café Mujer,Blazer,Blazers,Abrigos y Chaquetas,MISALIGNED: observed in ['Abrigos y Chaquetas'] but expected category ['Blazers'] was audited and product was absent from it
pub_falabella_2a4d2b603455,Falabella,Jeans Corte Barrel Azul Marino Mujer,Jeans,Jeans,Pantalones,MISALIGNED: observed in ['Pantalones'] but expected category ['Jeans'] was audited and product was absent from it
pub_falabella_2c0f9cd14b40,Falabella,Jeans Corte Recto Café Mujer,Jeans,Jeans,Pantalones,MISALIGNED: observed in ['Pantalones'] but expected category ['Jeans'] was audited and product was absent from it
pub_falabella_2c2963082ecd,Falabella,Jeans Wide Leg Ancho Celeste Mujer,Jeans,Jeans,Pantalones,MISALIGNED: observed in ['Pantalones'] but expected category ['Jeans'] was audited and product was absent from it
pub_falabella_2c7c7e91cd18,Falabella,Jeans Rectos Tiro Alto Negro	 Mujer,Jeans,Jeans,Pantalones,MISALIGNED: observed in ['Pantalones'] but expected category ['Jeans'] was audited and product was absent from it
pub_falabella_300966fcb072,Falabella,Blazer Básico de Tope Verde Mujer,Blazer,Blazers,Sweaters,MISALIGNED: observed in ['Sweaters'] but expected category ['Blazers'] was audited and product was absent from it
pub_falabella_3dbf8627ec03,Falabella,Jeans Barrel Azul Marino Mujer,Jeans,Jeans,Pantalones,MISALIGNED: observed in ['Pantalones'] but expected category ['Jeans'] was audited and product was absent from it
pub_falabella_3eb280417ea7,Falabella,Jeans Corte Recto Café Mujer,Jeans,Jeans,Pantalones,MISALIGNED: observed in ['Pantalones'] but expected category ['Jeans'] was audited and product was absent from it
pub_falabella_42cc29238c3d,Falabella,Trench Clásico Doble Botonadura Negro Mujer,Trench,Abrigos y Chaquetas,Trench,MISALIGNED: observed in ['Trench'] but expected category ['Abrigos y Chaquetas'] was audited and product was absent from it
pub_falabella_440236fb0146,Falabella,Jeans Barrel Negro Mujer,Jeans,Jeans,Pantalones,MISALIGNED: observed in ['Pantalones'] but expected category ['Jeans'] was audited and product was absent from it
pub_falabella_47e69a6b32ad,Falabella,Blazer Básico de Tope Beige Mujer,Blazer,Blazers,Sweaters y chalecos,MISALIGNED: observed in ['Sweaters y chalecos'] but expected category ['Blazers'] was audited and product was absent from it
pub_falabella_4e4003844d98,Falabella,Blazer Básico de Tope Beige Mujer,Blazer,Blazers,Sweaters,MISALIGNED: observed in ['Sweaters'] but expected category ['Blazers'] was audited and product was absent from it
pub_falabella_56f017bed72e,Falabella,Jeans Corte Recto Khaki Mujer,Jeans,Jeans,Pantalones,MISALIGNED: observed in ['Pantalones'] but expected category ['Jeans'] was audited and product was absent from it
pub_falabella_59affed31388,Falabella,Vest Tipo Gamuza Bordado Negro Mujer,Vest,Vest,Sweaters y chalecos,MISALIGNED: observed in ['Sweaters y chalecos'] but expected category ['Vest'] was audited and product was absent from it
pub_falabella_5a371ee5db54,Falabella,Blazer Básico Sastrero Negro Mujer,Blazer,Blazers,Abrigos y Chaquetas,MISALIGNED: observed in ['Abrigos y Chaquetas'] but expected category ['Blazers'] was audited and product was absent from it
pub_falabella_5f961bdf0f33,Falabella,Blazer Básico de Tope Blanco Mujer,Blazer,Blazers,Abrigos y Chaquetas,MISALIGNED: observed in ['Abrigos y Chaquetas'] but expected category ['Blazers'] was audited and product was absent from it
pub_falabella_623fa2ac5b6e,Falabella,Blazer Dos Botones Burdeo Mujer,Blazer,Blazers,Abrigos y Chaquetas,MISALIGNED: observed in ['Abrigos y Chaquetas'] but expected category ['Blazers'] was audited and product was absent from it
pub_falabella_6447fa41ef46,Falabella,Trench Ecocuero Café Mujer,Trench,Abrigos y Chaquetas,Trench,MISALIGNED: observed in ['Trench'] but expected category ['Abrigos y Chaquetas'] was audited and product was absent from it
pub_falabella_6db066302feb,Falabella,Trench Clásico Doble Botonadura Beige Mujer,Trench,Abrigos y Chaquetas,Trench,MISALIGNED: observed in ['Trench'] but expected category ['Abrigos y Chaquetas'] was audited and product was absent from it
pub_falabella_708fbb924e85,Falabella,Jeans Rectos Tiro Alto Negro Mujer,Jeans,Jeans,Pantalones,MISALIGNED: observed in ['Pantalones'] but expected category ['Jeans'] was audited and product was absent from it
pub_falabella_734b5d258d36,Falabella,Blazer Rayas Diplomáticas Gris Mujer,Blazer,Blazers,Abrigos y Chaquetas,MISALIGNED: observed in ['Abrigos y Chaquetas'] but expected category ['Blazers'] was audited and product was absent from it
pub_falabella_7c379a4843bf,Falabella,Blazer Dos Botones Blanco Mujer,Blazer,Blazers,Abrigos y Chaquetas,MISALIGNED: observed in ['Abrigos y Chaquetas'] but expected category ['Blazers'] was audited and product was absent from it
pub_falabella_7fa5d23e7640,Falabella,Blazer Básico Sastrero Café Mujer,Blazer,Blazers,Abrigos y Chaquetas,MISALIGNED: observed in ['Abrigos y Chaquetas'] but expected category ['Blazers'] was audited and product was absent from it
pub_falabella_8593995e5dbc,Falabella,Blazer Manga 3/4 Ajustado con Solapas Amarillo Mantequilla Mujer,Blazer,Blazers,Abrigos y Chaquetas,MISALIGNED: observed in ['Abrigos y Chaquetas'] but expected category ['Blazers'] was audited and product was absent from it
pub_falabella_89707c3fb56b,Falabella,Vest Tipo Gamuza Bordado Khaki Mujer,Vest,Vest,Sweaters y chalecos,MISALIGNED: observed in ['Sweaters y chalecos'] but expected category ['Vest'] was audited and product was absent from it
pub_falabella_9a072ffde713,Falabella,Blazer Rayas Diplomáticas Khaki Mujer,Blazer,Blazers,Abrigos y Chaquetas,MISALIGNED: observed in ['Abrigos y Chaquetas'] but expected category ['Blazers'] was audited and product was absent from it
pub_falabella_9fc8b1a380ad,Falabella,Jeans Rectos Tiro Alto Negro	 Mujer,Jeans,Jeans,Pantalones,MISALIGNED: observed in ['Pantalones'] but expected category ['Jeans'] was audited and product was absent from it
pub_falabella_acdc0e7e83d4,Falabella,Jeans Corte Barrel Café Mujer,Jeans,Jeans,Pantalones,MISALIGNED: observed in ['Pantalones'] but expected category ['Jeans'] was audited and product was absent from it
pub_falabella_b04cd80fd997,Falabella,Jeans Pierna Recta Celeste Mujer,Jeans,Jeans,Pantalones,MISALIGNED: observed in ['Pantalones'] but expected category ['Jeans'] was audited and product was absent from it
pub_falabella_b72b7971fe5f,Falabella,Jeans Rectos Tiro Alto Óxido Mujer,Jeans,Jeans,Pantalones,MISALIGNED: observed in ['Pantalones'] but expected category ['Jeans'] was audited and product was absent from it
pub_falabella_b8fca4417ec1,Falabella,Blazer Cruzado Rayas Diplomáticas Khaki Mujer,Blazer,Blazers,Abrigos y Chaquetas,MISALIGNED: observed in ['Abrigos y Chaquetas'] but expected category ['Blazers'] was audited and product was absent from it
pub_falabella_ba87da50a64e,Falabella,Trench Clásico Doble Botonadura Beige Mujer,Trench,Abrigos y Chaquetas,Trench,MISALIGNED: observed in ['Trench'] but expected category ['Abrigos y Chaquetas'] was audited and product was absent from it
pub_falabella_be71bd433607,Falabella,Trench Ecocuero Burdeo Mujer,Trench,Abrigos y Chaquetas,Trench,MISALIGNED: observed in ['Trench'] but expected category ['Abrigos y Chaquetas'] was audited and product was absent from it
pub_falabella_c4dc5a70db4e,Falabella,Blazer Básico de Tope Beige Mujer,Blazer,Blazers,Sweaters,MISALIGNED: observed in ['Sweaters'] but expected category ['Blazers'] was audited and product was absent from it
pub_falabella_c77d8b276658,Falabella,Blazer Básico de Tope Rosado Mujer,Blazer,Blazers,Abrigos y Chaquetas,MISALIGNED: observed in ['Abrigos y Chaquetas'] but expected category ['Blazers'] was audited and product was absent from it
pub_falabella_c9354dc86ddb,Falabella,Trench Clásico Doble Botonadura Café Mujer,Trench,Abrigos y Chaquetas,Trench,MISALIGNED: observed in ['Trench'] but expected category ['Abrigos y Chaquetas'] was audited and product was absent from it
pub_falabella_ca2beed61511,Falabella,Jeans Corte Recto Café Mujer,Jeans,Jeans,Pantalones,MISALIGNED: observed in ['Pantalones'] but expected category ['Jeans'] was audited and product was absent from it
pub_falabella_cc5590d00f18,Falabella,Blazer Manga 3/4 Ajustado con Solapas Oliva Mujer,Blazer,Blazers,Abrigos y Chaquetas,MISALIGNED: observed in ['Abrigos y Chaquetas'] but expected category ['Blazers'] was audited and product was absent from it
pub_falabella_cdfbaa86a10e,Falabella,Jeans Corte Recto Khaki Mujer,Jeans,Jeans,Pantalones,MISALIGNED: observed in ['Pantalones'] but expected category ['Jeans'] was audited and product was absent from it
pub_falabella_d678eeba9fbb,Falabella,Blazer Manga 3/4 Ajustado con Solapas Mocca Mujer,Blazer,Blazers,Abrigos y Chaquetas,MISALIGNED: observed in ['Abrigos y Chaquetas'] but expected category ['Blazers'] was audited and product was absent from it
pub_falabella_d834e58b3e72,Falabella,Blazer Básico de Tope Verde Mujer,Blazer,Blazers,Sweaters,MISALIGNED: observed in ['Sweaters'] but expected category ['Blazers'] was audited and product was absent from it
pub_falabella_d98abbf77e6e,Falabella,Blazer Dos Botones Negro Mujer,Blazer,Blazers,Abrigos y Chaquetas,MISALIGNED: observed in ['Abrigos y Chaquetas'] but expected category ['Blazers'] was audited and product was absent from it
pub_falabella_db2f6f917757,Falabella,Jeans Corte Barrel Blanco Mujer,Jeans,Jeans,Pantalones,MISALIGNED: observed in ['Pantalones'] but expected category ['Jeans'] was audited and product was absent from it
pub_falabella_dc40e4f5478e,Falabella,Vest Tipo Gamuza Bordado Burdeo Mujer,Vest,Vest,Sweaters y chalecos,MISALIGNED: observed in ['Sweaters y chalecos'] but expected category ['Vest'] was audited and product was absent from it
pub_falabella_df6e0ce3e6b0,Falabella,Blazer Oversize Tipo Gamuza Café Mujer,Blazer,Blazers,Abrigos y Chaquetas,MISALIGNED: observed in ['Abrigos y Chaquetas'] but expected category ['Blazers'] was audited and product was absent from it
pub_falabella_e7f8b612de97,Falabella,Blazer Cinturón Burdeo Mujer,Blazer,Blazers,Abrigos y Chaquetas,MISALIGNED: observed in ['Abrigos y Chaquetas'] but expected category ['Blazers'] was audited and product was absent from it
pub_falabella_e85ddcb3b4a5,Falabella,Blazer Manga 3/4 Ajustado con Solapas Blanco Mujer,Blazer,Blazers,Abrigos y Chaquetas,MISALIGNED: observed in ['Abrigos y Chaquetas'] but expected category ['Blazers'] was audited and product was absent from it
pub_falabella_e92fe41a1d85,Falabella,Blazer Básico de Tope Óxido Mujer,Blazer,Blazers,Abrigos y Chaquetas,MISALIGNED: observed in ['Abrigos y Chaquetas'] but expected category ['Blazers'] was audited and product was absent from it
pub_falabella_ec22402da6f5,Falabella,Blazer Básico de Tope Café Mujer,Blazer,Blazers,Abrigos y Chaquetas,MISALIGNED: observed in ['Abrigos y Chaquetas'] but expected category ['Blazers'] was audited and product was absent from it
pub_falabella_ec7ae79ec19f,Falabella,Trench Clásico Doble Botonadura Negro Mujer,Trench,Abrigos y Chaquetas,Trench,MISALIGNED: observed in ['Trench'] but expected category ['Abrigos y Chaquetas'] was audited and product was absent from it
pub_falabella_ecd5fe4541ad,Falabella,Jeans Wide Leg Ancho Azul Marino Mujer,Jeans,Jeans,Pantalones,MISALIGNED: observed in ['Pantalones'] but expected category ['Jeans'] was audited and product was absent from it
pub_falabella_ee17a303779c,Falabella,Blazer Básico de Tope Verde Mujer,Blazer,Blazers,Sweaters,MISALIGNED: observed in ['Sweaters'] but expected category ['Blazers'] was audited and product was absent from it
pub_falabella_f50f322eed60,Falabella,Jeans Rectos Tiro Alto Blanco Mujer,Jeans,Jeans,Pantalones,MISALIGNED: observed in ['Pantalones'] but expected category ['Jeans'] was audited and product was absent from it
pub_falabella_f51c403f0219,Falabella,Blazer Cruzado sin Mangas Gris Mujer,Blazer,Blazers,Abrigos y Chaquetas,MISALIGNED: observed in ['Abrigos y Chaquetas'] but expected category ['Blazers'] was audited and product was absent from it
pub_falabella_f631f28d5d8e,Falabella,Blazer Cinturón Negro Mujer,Blazer,Blazers,Abrigos y Chaquetas,MISALIGNED: observed in ['Abrigos y Chaquetas'] but expected category ['Blazers'] was audited and product was absent from it
pub_falabella_f78f37d5a116,Falabella,Blazer Básico Sastrero Rosado Mujer,Blazer,Blazers,Abrigos y Chaquetas,MISALIGNED: observed in ['Abrigos y Chaquetas'] but expected category ['Blazers'] was audited and product was absent from it
pub_mercado libre_0f763da7deda,Mercado Libre,Polera Sin Mangas Animal Print,Polera,Poleras,Blusas,MISALIGNED: observed in ['Blusas'] but expected category ['Poleras'] was audited and product was absent from it
pub_mercado libre_0f82c17f5412,Mercado Libre,Gilet Básico Rosado Nicopoly,Gilet,Abrigos,Chaquetas Parkas Blazers,MISALIGNED: observed in ['Chaquetas Parkas Blazers'] but expected category ['Abrigos'] was audited and product was absent from it
pub_mercado libre_17a9acdcede8,Mercado Libre,Gilet 4 Botones Óxido Nicopoly,Gilet,Abrigos,Chaquetas Parkas Blazers,MISALIGNED: observed in ['Chaquetas Parkas Blazers'] but expected category ['Abrigos'] was audited and product was absent from it
pub_mercado libre_20dd0b58931e,Mercado Libre,Gilet Cuello Redondo Tipo Lino Oliva Nicopoly,Gilet,Abrigos,Chaquetas Parkas Blazers,MISALIGNED: observed in ['Chaquetas Parkas Blazers'] but expected category ['Abrigos'] was audited and product was absent from it
pub_mercado libre_2735d3522a0a,Mercado Libre,Gilet Básico Ajustable Celeste Nicopoly,Gilet,Abrigos,Chaquetas Parkas Blazers,MISALIGNED: observed in ['Chaquetas Parkas Blazers'] but expected category ['Abrigos'] was audited and product was absent from it
pub_mercado libre_29627e9dd403,Mercado Libre,Gilet Sastrero Rayas Diplomáticas Gris Nicopoly,Gilet,Abrigos,Chaquetas Parkas Blazers,MISALIGNED: observed in ['Chaquetas Parkas Blazers'] but expected category ['Abrigos'] was audited and product was absent from it
pub_mercado libre_297c5d432668,Mercado Libre,Gilet Sastre Entallado Negro Nicopoly,Gilet,Abrigos,Chaquetas Parkas Blazers,MISALIGNED: observed in ['Chaquetas Parkas Blazers'] but expected category ['Abrigos'] was audited and product was absent from it
pub_mercado libre_3431499b31b7,Mercado Libre,Gilet Burdeo Rayas Diplomáticas Nicopoly,Gilet,Abrigos,Chaquetas Parkas Blazers,MISALIGNED: observed in ['Chaquetas Parkas Blazers'] but expected category ['Abrigos'] was audited and product was absent from it
pub_mercado libre_3fb14b519e51,Mercado Libre,Falda Short Rayas Diplomáticas Azul Marino Nicopoly,Shorts,Bermudas y Shorts,Faldas,MISALIGNED: observed in ['Faldas'] but expected category ['Bermudas y Shorts'] was audited and product was absent from it
pub_mercado libre_47a3d412425b,Mercado Libre,Gilet Sastre Entallado Verde Oscuro Nicopoly,Gilet,Abrigos,Chaquetas Parkas Blazers,MISALIGNED: observed in ['Chaquetas Parkas Blazers'] but expected category ['Abrigos'] was audited and product was absent from it
pub_mercado libre_5e02d127aa39,Mercado Libre,Gilet Rayas Diplomáticas Blanco Nicopoly,Gilet,Abrigos,Chaquetas Parkas Blazers,MISALIGNED: observed in ['Chaquetas Parkas Blazers'] but expected category ['Abrigos'] was audited and product was absent from it
pub_mercado libre_60bc7c49d4bf,Mercado Libre,Gilet Cuello Redondo Tipo Lino Café Nicopoly,Gilet,Abrigos,Chaquetas Parkas Blazers,MISALIGNED: observed in ['Chaquetas Parkas Blazers'] but expected category ['Abrigos'] was audited and product was absent from it
pub_mercado libre_6858639f0e51,Mercado Libre,Polera Sin Mangas Leopardo Café Nicopoly,Polera,Poleras,Blusas,MISALIGNED: observed in ['Blusas'] but expected category ['Poleras'] was audited and product was absent from it
pub_mercado libre_736cdcec3e61,Mercado Libre,Gilet Sastrero Rayas Diplomáticas Khaki Nicopoly,Gilet,Abrigos,Chaquetas Parkas Blazers,MISALIGNED: observed in ['Chaquetas Parkas Blazers'] but expected category ['Abrigos'] was audited and product was absent from it
pub_mercado libre_8531e86a742d,Mercado Libre,Polera Sin Mangas Animal Print,Polera,Poleras,Blusas,MISALIGNED: observed in ['Blusas'] but expected category ['Poleras'] was audited and product was absent from it
pub_mercado libre_919d7b64b025,Mercado Libre,Gilet Largo Con Botones Burdeo Nicopoly,Gilet,Abrigos,Chaquetas Parkas Blazers,MISALIGNED: observed in ['Chaquetas Parkas Blazers'] but expected category ['Abrigos'] was audited and product was absent from it
pub_mercado libre_a065396a199d,Mercado Libre,Gilet Rayas Diplomáticas Negro Nicopoly,Gilet,Abrigos,Chaquetas Parkas Blazers,MISALIGNED: observed in ['Chaquetas Parkas Blazers'] but expected category ['Abrigos'] was audited and product was absent from it
pub_mercado libre_a1813fe07a44,Mercado Libre,Pantalón Calzas Mujer Flare Pants Pata Elefante,Pantalon,Pantalones,Calzas,MISALIGNED: observed in ['Calzas'] but expected category ['Pantalones'] was audited and product was absent from it
pub_mercado libre_a692f63a83b8,Mercado Libre,Gilet Sastre Entallado Burdeo Nicopoly,Gilet,Abrigos,Chaquetas Parkas Blazers,MISALIGNED: observed in ['Chaquetas Parkas Blazers'] but expected category ['Abrigos'] was audited and product was absent from it
pub_mercado libre_a9b23431632d,Mercado Libre,Gilet Básico Ajustable Beige Nicopoly,Gilet,Abrigos,Chaquetas Parkas Blazers,MISALIGNED: observed in ['Chaquetas Parkas Blazers'] but expected category ['Abrigos'] was audited and product was absent from it
pub_mercado libre_ae87bf92fbce,Mercado Libre,Gilet Básico Ajustable Negro Nicopoly,Gilet,Abrigos,Conjuntos,MISALIGNED: observed in ['Conjuntos'] but expected category ['Abrigos'] was audited and product was absent from it
pub_mercado libre_b9cb1350eec5,Mercado Libre,Gilet Con Drapeado Lateral Negro,Gilet,Abrigos,Chaquetas Parkas Blazers,MISALIGNED: observed in ['Chaquetas Parkas Blazers'] but expected category ['Abrigos'] was audited and product was absent from it
pub_mercado libre_bda929415868,Mercado Libre,Gilet Vichy Negro Nicopoly Negro Xs Liso,Gilet,Abrigos,Chaquetas Parkas Blazers,MISALIGNED: observed in ['Chaquetas Parkas Blazers'] but expected category ['Abrigos'] was audited and product was absent from it
pub_mercado libre_c51ed4b51320,Mercado Libre,Gilet Sastrero Rayas Diplomáticas Café Nicopoly,Gilet,Abrigos,Chaquetas Parkas Blazers,MISALIGNED: observed in ['Chaquetas Parkas Blazers'] but expected category ['Abrigos'] was audited and product was absent from it
pub_mercado libre_cb2082cde4f3,Mercado Libre,Falda Short Rayas Diplomáticas Café Nicopoly Cafe Liso M,Shorts,Bermudas y Shorts,Faldas,MISALIGNED: observed in ['Faldas'] but expected category ['Bermudas y Shorts'] was audited and product was absent from it
pub_mercado libre_d3055942df87,Mercado Libre,Gilet Sastre Entallado Café Nicopoly,Gilet,Abrigos,Chaquetas Parkas Blazers,MISALIGNED: observed in ['Chaquetas Parkas Blazers'] but expected category ['Abrigos'] was audited and product was absent from it
pub_mercado libre_f42ede8553bd,Mercado Libre,Gilet Rayas Diplomáticas Rosado Nicopoly,Gilet,Abrigos,Chaquetas Parkas Blazers,MISALIGNED: observed in ['Chaquetas Parkas Blazers'] but expected category ['Abrigos'] was audited and product was absent from it
pub_mercado libre_f5dc694f0e64,Mercado Libre,Gilet Cuello Redondo Tipo Lino Beige Nicopoly,Gilet,Abrigos,Chaquetas Parkas Blazers,MISALIGNED: observed in ['Chaquetas Parkas Blazers'] but expected category ['Abrigos'] was audited and product was absent from it
pub_paris_0ed638267aad,Paris,Gilet Sastrero Rayas Diplomáticas Khaki Nicopoly,Gilet,"Sweaters, Chalecos y Tejidos",Chaquetas,"MISALIGNED: observed in ['Chaquetas'] but expected category ['Sweaters, Chalecos y Tejidos'] was audited and product was absent from it"
pub_paris_1ad1dfc57744,Paris,Gilet Sastrero Rayas Diplomáticas Gris Nicopoly,Gilet,"Sweaters, Chalecos y Tejidos",Chaquetas,"MISALIGNED: observed in ['Chaquetas'] but expected category ['Sweaters, Chalecos y Tejidos'] was audited and product was absent from it"
pub_paris_1d41b9a37c82,Paris,Gilet Sastrero Rayas Diplomáticas Khaki Nicopoly,Gilet,"Sweaters, Chalecos y Tejidos",Chaquetas,"MISALIGNED: observed in ['Chaquetas'] but expected category ['Sweaters, Chalecos y Tejidos'] was audited and product was absent from it"
pub_paris_22957ce2ab85,Paris,Gilet 4 Botones Óxido Nicopoly,Gilet,"Sweaters, Chalecos y Tejidos",Blazers|Chaquetas y Abrigos|Chaquetas,"MISALIGNED: observed in ['Blazers', 'Chaquetas y Abrigos', 'Chaquetas'] but expected category ['Sweaters, Chalecos y Tejidos'] was audited and product was absent from it"
pub_paris_266e97308a9d,Paris,Gilet Crop con Solapa Blanco Nicopoly,Gilet,"Sweaters, Chalecos y Tejidos",Chaquetas,"MISALIGNED: observed in ['Chaquetas'] but expected category ['Sweaters, Chalecos y Tejidos'] was audited and product was absent from it"
pub_paris_34855d6761cb,Paris,Gilet Básico Ajustable Oliva Nicopoly,Gilet,"Sweaters, Chalecos y Tejidos",Chaquetas,"MISALIGNED: observed in ['Chaquetas'] but expected category ['Sweaters, Chalecos y Tejidos'] was audited and product was absent from it"
pub_paris_43f44a0f6e21,Paris,Gilet Sastre Entallado Burdeo Nicopoly,Gilet,"Sweaters, Chalecos y Tejidos",Chaquetas,"MISALIGNED: observed in ['Chaquetas'] but expected category ['Sweaters, Chalecos y Tejidos'] was audited and product was absent from it"
pub_paris_456cb3258231,Paris,Gilet Básico Ajustable Blanco Nicopoly,Gilet,"Sweaters, Chalecos y Tejidos",Blazers|Chaquetas y Abrigos|Chaquetas,"MISALIGNED: observed in ['Blazers', 'Chaquetas y Abrigos', 'Chaquetas'] but expected category ['Sweaters, Chalecos y Tejidos'] was audited and product was absent from it"
pub_paris_46c61ae6804d,Paris,Gilet Largo con Botones Café,Gilet,"Sweaters, Chalecos y Tejidos",Blazers|Chaquetas y Abrigos|Chaquetas,"MISALIGNED: observed in ['Blazers', 'Chaquetas y Abrigos', 'Chaquetas'] but expected category ['Sweaters, Chalecos y Tejidos'] was audited and product was absent from it"
pub_paris_4bc91f4f5797,Paris,Gilet con Drapeado Lateral Blanco Nicopoly,Gilet,"Sweaters, Chalecos y Tejidos",Chaquetas,"MISALIGNED: observed in ['Chaquetas'] but expected category ['Sweaters, Chalecos y Tejidos'] was audited and product was absent from it"
pub_paris_7a514f90040a,Paris,Gilet Básico Ajustable Mocca Nicopoly,Gilet,"Sweaters, Chalecos y Tejidos",Chaquetas,"MISALIGNED: observed in ['Chaquetas'] but expected category ['Sweaters, Chalecos y Tejidos'] was audited and product was absent from it"
pub_paris_7a57317f4381,Paris,Gilet Básico Ajustable Negro Nicopoly,Gilet,"Sweaters, Chalecos y Tejidos",Blazers|Chaquetas y Abrigos|Chaquetas,"MISALIGNED: observed in ['Blazers', 'Chaquetas y Abrigos', 'Chaquetas'] but expected category ['Sweaters, Chalecos y Tejidos'] was audited and product was absent from it"
pub_paris_82091d2e6216,Paris,Gilet Largo con Botones Marrón Nicopoly,Gilet,"Sweaters, Chalecos y Tejidos",Blazers|Chaquetas y Abrigos|Chaquetas,"MISALIGNED: observed in ['Blazers', 'Chaquetas y Abrigos', 'Chaquetas'] but expected category ['Sweaters, Chalecos y Tejidos'] was audited and product was absent from it"
pub_paris_82a186208c8a,Paris,Bomber Ecocuero Moca Nicopoly,Bomber,"Blazers, Chaquetas y Abrigos",Blusas|Vestidos,"MISALIGNED: observed in ['Blusas', 'Vestidos'] but expected category ['Blazers, Chaquetas y Abrigos'] was audited and product was absent from it"
pub_paris_8b1e55f1185d,Paris,Gilet Largo con Botones Burdeo Nicopoly,Gilet,"Sweaters, Chalecos y Tejidos",Blazers|Chaquetas y Abrigos|Chaquetas,"MISALIGNED: observed in ['Blazers', 'Chaquetas y Abrigos', 'Chaquetas'] but expected category ['Sweaters, Chalecos y Tejidos'] was audited and product was absent from it"
pub_paris_8cea52bc9f69,Paris,Gilet Sastre Entallado Negro Nicopoly,Gilet,"Sweaters, Chalecos y Tejidos",Chaquetas,"MISALIGNED: observed in ['Chaquetas'] but expected category ['Sweaters, Chalecos y Tejidos'] was audited and product was absent from it"
pub_paris_93221c261f9c,Paris,Gilet Rayas Diplomáticas Negro Nicopoly,Gilet,"Sweaters, Chalecos y Tejidos",Chaquetas,"MISALIGNED: observed in ['Chaquetas'] but expected category ['Sweaters, Chalecos y Tejidos'] was audited and product was absent from it"
pub_paris_9950ffa688ef,Paris,Gilet Sastrero Rayas Diplomáticas Café Nicopoly,Gilet,"Sweaters, Chalecos y Tejidos",Chaquetas,"MISALIGNED: observed in ['Chaquetas'] but expected category ['Sweaters, Chalecos y Tejidos'] was audited and product was absent from it"
pub_paris_9d4c1d745198,Paris,Gilet Largo con Botones Verde Nicopoly,Gilet,"Sweaters, Chalecos y Tejidos",Chaquetas,"MISALIGNED: observed in ['Chaquetas'] but expected category ['Sweaters, Chalecos y Tejidos'] was audited and product was absent from it"
pub_paris_a40891b7cc0e,Paris,Gilet Rayas Diplomáticas Blanco Nicopoly,Gilet,"Sweaters, Chalecos y Tejidos",Blazers|Chaquetas y Abrigos|Chaquetas,"MISALIGNED: observed in ['Blazers', 'Chaquetas y Abrigos', 'Chaquetas'] but expected category ['Sweaters, Chalecos y Tejidos'] was audited and product was absent from it"
pub_paris_a47c80ce73d0,Paris,Gilet Sastre Entallado Blanco Nicopoly,Gilet,"Sweaters, Chalecos y Tejidos",Chaquetas,"MISALIGNED: observed in ['Chaquetas'] but expected category ['Sweaters, Chalecos y Tejidos'] was audited and product was absent from it"
pub_paris_acec2795edba,Paris,Gilet Rayas Diplomáticas Burdeo Nicopoly,Gilet,"Sweaters, Chalecos y Tejidos",Chaquetas,"MISALIGNED: observed in ['Chaquetas'] but expected category ['Sweaters, Chalecos y Tejidos'] was audited and product was absent from it"
pub_paris_ada32667216f,Paris,Gilet Rayas Diplomáticas Rosado Nicopoly,Gilet,"Sweaters, Chalecos y Tejidos",Chaquetas,"MISALIGNED: observed in ['Chaquetas'] but expected category ['Sweaters, Chalecos y Tejidos'] was audited and product was absent from it"
pub_paris_b1e586848169,Paris,Gilet Sastre Entallado Café Nicopoly,Gilet,"Sweaters, Chalecos y Tejidos",Chaquetas,"MISALIGNED: observed in ['Chaquetas'] but expected category ['Sweaters, Chalecos y Tejidos'] was audited and product was absent from it"
pub_paris_b7822b289307,Paris,Gilet Vichy Negro Nicopoly,Gilet,"Sweaters, Chalecos y Tejidos",Chaquetas,"MISALIGNED: observed in ['Chaquetas'] but expected category ['Sweaters, Chalecos y Tejidos'] was audited and product was absent from it"
pub_paris_bcf53ea23879,Paris,Gilet Eco Cuero Café Nicopoly,Gilet,"Sweaters, Chalecos y Tejidos",Blazers|Chaquetas y Abrigos|Chaquetas,"MISALIGNED: observed in ['Blazers', 'Chaquetas y Abrigos', 'Chaquetas'] but expected category ['Sweaters, Chalecos y Tejidos'] was audited and product was absent from it"
pub_paris_bd3ebcaf11fc,Paris,Chaqueta Tipo Barbour Mocca Nicopoly,Chaqueta,"Blazers, Chaquetas y Abrigos",Blusas|Vestidos,"MISALIGNED: observed in ['Blusas', 'Vestidos'] but expected category ['Blazers, Chaquetas y Abrigos'] was audited and product was absent from it"
pub_paris_bf2fefa338d5,Paris,Gilet Espalda Ajustable Khaki Nicopoly,Gilet,"Sweaters, Chalecos y Tejidos",Chaquetas,"MISALIGNED: observed in ['Chaquetas'] but expected category ['Sweaters, Chalecos y Tejidos'] was audited and product was absent from it"
pub_paris_ccce8b91840b,Paris,Gilet Sastrero Rayas Diplomáticas Azul Marino Nicopoly,Gilet,"Sweaters, Chalecos y Tejidos",Chaquetas,"MISALIGNED: observed in ['Chaquetas'] but expected category ['Sweaters, Chalecos y Tejidos'] was audited and product was absent from it"
pub_paris_d2c08d3c1912,Paris,Gilet Básico Ajustable Beige Nicopoly,Gilet,"Sweaters, Chalecos y Tejidos",Blazers|Chaquetas y Abrigos|Chaquetas,"MISALIGNED: observed in ['Blazers', 'Chaquetas y Abrigos', 'Chaquetas'] but expected category ['Sweaters, Chalecos y Tejidos'] was audited and product was absent from it"
pub_paris_d6c2492f0323,Paris,Gilet Sastrero Rayas Diplomáticas Café Nicopoly,Gilet,"Sweaters, Chalecos y Tejidos",Blazers|Chaquetas y Abrigos|Chaquetas,"MISALIGNED: observed in ['Blazers', 'Chaquetas y Abrigos', 'Chaquetas'] but expected category ['Sweaters, Chalecos y Tejidos'] was audited and product was absent from it"
pub_paris_dc486d1c20e7,Paris,Gilet Sastre Entallado Verde Oscuro Nicopoly,Gilet,"Sweaters, Chalecos y Tejidos",Chaquetas,"MISALIGNED: observed in ['Chaquetas'] but expected category ['Sweaters, Chalecos y Tejidos'] was audited and product was absent from it"
pub_paris_dda3b0a865d7,Paris,Gilet Básico Ajustable Rosado Nicopoly,Gilet,"Sweaters, Chalecos y Tejidos",Blazers|Chaquetas y Abrigos|Chaquetas,"MISALIGNED: observed in ['Blazers', 'Chaquetas y Abrigos', 'Chaquetas'] but expected category ['Sweaters, Chalecos y Tejidos'] was audited and product was absent from it"
pub_paris_e55ce64484eb,Paris,Gilet Básico Ajustable Celeste Nicopoly,Gilet,"Sweaters, Chalecos y Tejidos",Chaquetas,"MISALIGNED: observed in ['Chaquetas'] but expected category ['Sweaters, Chalecos y Tejidos'] was audited and product was absent from it"
pub_paris_e8edc43eaa6d,Paris,Gilet Básico Ajustable Amarillo Mantequilla Nicopoly,Gilet,"Sweaters, Chalecos y Tejidos",Chaquetas,"MISALIGNED: observed in ['Chaquetas'] but expected category ['Sweaters, Chalecos y Tejidos'] was audited and product was absent from it"
pub_ripley_72df33d13e81,Ripley,Blusa Saten Cruzado Rojo Nicopoly,Blusa,Blusas y poleras,Vestidos,MISALIGNED: observed in ['Vestidos'] but expected category ['Blusas y poleras'] was audited and product was absent from it
